name,highway,geometry
,stop,POINT (-88.20886369999999 40.1092215)
,traffic_signals,POINT (-88.21927100000001 40.109065)
,traffic_signals,POINT (-88.2303984 40.1102868)
,traffic_signals,POINT (-88.230262 40.1041493)
,traffic_signals,POINT (-88.2239653 40.1127762)
,traffic_signals,POINT (-88.233574 40.116351)
,traffic_signals,POINT (-88.238553 40.098035)
,traffic_signals,POINT (-88.21928699999999 40.110579)
,traffic_signals,POINT (-88.2289579 40.1163734)
,traffic_signals,POINT (-88.2289236 40.1127224)
Mile 1,,POINT (-88.2386997 40.1090201)
,traffic_signals,POINT (-88.2074121 40.1124445)
,traffic_signals,POINT (-88.20499890000001 40.1124862)
,traffic_signals,POINT (-88.20770659999999 40.116374)
,traffic_signals,POINT (-88.23869500000001 40.110217)
,traffic_signals,POINT (-88.233542 40.110261)
,traffic_signals,POINT (-88.23871800000001 40.112629)
,traffic_signals,POINT (-88.23839359999999 40.0833639)
,traffic_signals,POINT (-88.21933199999999 40.1128058)
,,POINT (-88.207481 40.114889)
,traffic_signals,POINT (-88.233521 40.114421)
,traffic_signals,POINT (-88.233592 40.112676)
,crossing,POINT (-88.22387089999999 40.10801)
,,POINT (-88.217859 40.1091924)
,,POINT (-88.21739669999999 40.1159696)
WPGU-FM (Urbana),,POINT (-88.2325805 40.110428)
La Casa Cultural Latina,,POINT (-88.23116 40.1072538)
Wardall Hall,,POINT (-88.22177189999999 40.109536)
Townsend Hall,,POINT (-88.2206535 40.1098519)
Beckwith Hall,,POINT (-88.23669580000001 40.1087613)
Krannert Art Museum,,POINT (-88.23143779999999 40.101976)
University of Illinois College of Law,,POINT (-88.2315062 40.1010097)
Alma Mater,,POINT (-88.2283814 40.1099142)
Caffe Paradiso,,POINT (-88.2194361 40.1057621)
,,POINT (-88.2334747 40.1007432)
Freestar Bank,,POINT (-88.2290972 40.1101978)
,,POINT (-88.2227968 40.1039173)
F29,,POINT (-88.2224609 40.1037628)
,,POINT (-88.2254303 40.1109358)
,,POINT (-88.225031 40.1114135)
,,POINT (-88.22432190000001 40.1109489)
,,POINT (-88.2316436 40.1052223)
,,POINT (-88.2280872 40.1090166)
,,POINT (-88.2286513 40.107394)
,,POINT (-88.2281953 40.1079623)
,,POINT (-88.2242207 40.112074)
,,POINT (-88.22933089999999 40.1028954)
,,POINT (-88.2298888 40.1028954)
,,POINT (-88.2290948 40.1014592)
,,POINT (-88.2315108 40.1075859)
,,POINT (-88.22677 40.1120293)
Undergraduate Library,,POINT (-88.2271776 40.1047306)
Diana Fountain,,POINT (-88.2276904 40.1093869)
,,POINT (-88.2286228 40.1038131)
,,POINT (-88.2274365 40.1061121)
F12,,POINT (-88.2225748 40.1009026)
,,POINT (-88.2262795 40.1074197)
A3,,POINT (-88.2282264 40.1122279)
Illini Union,,POINT (-88.2273108 40.110364)
Illini Union Engineering Side,,POINT (-88.2280605 40.1103637)
B6,,POINT (-88.22461699999999 40.111663)
Darwin's Playground,,POINT (-88.22508879999999 40.1048058)
,,POINT (-88.2350704 40.1020836)
E19,,POINT (-88.230667 40.1017431)
Ikenberry Dining Hall,,POINT (-88.2353246 40.1038377)
Krannert Center for the Performing Arts,,POINT (-88.2229171 40.1080447)
,,POINT (-88.2224464 40.1084131)
Sousa Archives Center,,POINT (-88.2307347 40.1046628)
,,POINT (-88.2223982 40.1076292)
Chipotle,,POINT (-88.2307897 40.1104224)
Old Kam's Site,,POINT (-88.22953440000001 40.1081166)
,,POINT (-88.2291474 40.1082127)
Spicy Tang,,POINT (-88.2305667 40.1106842)
Jerusalem,,POINT (-88.2290892 40.1113865)
Ar-Ri-Rang,,POINT (-88.22908630000001 40.1112093)
Noodles & Co.,,POINT (-88.2305751 40.1104675)
Etc! Coffeehouse,,POINT (-88.2240517 40.1100775)
A21,,POINT (-88.2282484 40.1133474)
,traffic_signals,POINT (-88.2288903 40.1102922)
Woorijib,,POINT (-88.2302584 40.1098327)
Urban Outfitters,,POINT (-88.23135670000001 40.1101296)
Sushi Ichiban,,POINT (-88.2291041 40.1108611)
Dunkin' Donuts,,POINT (-88.2299993 40.1101835)
Campus Honors Program,,POINT (-88.2246969 40.1067684)
The Red Herring,,POINT (-88.2252161 40.1067707)
,,POINT (-88.2205304 40.1009448)
Green & Goodwin,bus_stop,POINT (-88.2247062 40.1105874)
,,POINT (-88.22008889999999 40.101139)
,,POINT (-88.227811 40.1013745)
,,POINT (-88.2268566 40.1053436)
Illini Supersweet Corn,,POINT (-88.22663420000001 40.106846)
Chemical & Life Sciences,bus_stop,POINT (-88.2240152 40.1078806)
,,POINT (-88.2204752 40.1011474)
Campus Map,,POINT (-88.2252663 40.1106216)
,traffic_signals,POINT (-88.21937680000001 40.1164275)
,,POINT (-88.2254889 40.1054682)
,crossing,POINT (-88.22541390000001 40.1069606)
,crossing,POINT (-88.2255426 40.1080012)
,crossing,POINT (-88.2255572 40.108946)
,crossing,POINT (-88.2254709 40.1095505)
,stop,POINT (-88.22564010000001 40.1135293)
,stop,POINT (-88.2240156 40.1144802)
,,POINT (-88.2353437 40.1024173)
,,POINT (-88.2338398 40.1035761)
,traffic_signals,POINT (-88.2089489 40.1124284)
,traffic_signals,POINT (-88.2240443 40.1163947)
Murphy's Pub,,POINT (-88.2300402 40.1104224)
,,POINT (-88.2302543 40.1103594)
Mia Za's,,POINT (-88.22923230000001 40.1101957)
Zorba's,,POINT (-88.2293023 40.1101933)
Busey Bank,,POINT (-88.2302358 40.1104148)
Silvermine,,POINT (-88.2296681 40.1079179)
Panera Bread,,POINT (-88.2293051 40.1104126)
Insomnia Cookies,,POINT (-88.23126689999999 40.1091817)
Spicy Tang,,POINT (-88.2298478 40.1101848)
Casablanca,,POINT (-88.2294515 40.1101864)
Seoul Taco,,POINT (-88.2302439 40.1108388)
Fat Sandwich,,POINT (-88.23169420000001 40.1091862)
Rosatti's Pizza,,POINT (-88.2216576 40.1064182)
Cravings Restaurant,,POINT (-88.229086 40.1113297)
Joe's Brewery,,POINT (-88.2318661 40.1096106)
Subway,,POINT (-88.2295487 40.1104394)
Morrow Plots,,POINT (-88.226153 40.1046051)
Gregory at Library,bus_stop,POINT (-88.2286696 40.1040592)
Gregory at Library,bus_stop,POINT (-88.22892090000001 40.1042679)
Empire Chinese,,POINT (-88.232392 40.1104333)
J. Gumbo's,,POINT (-88.2213197 40.1064512)
Bombay Indian Grill,,POINT (-88.2331911 40.110142)
Kung Fu BBQ,,POINT (-88.2308628 40.10934)
Papa D's,,POINT (-88.23330009999999 40.110066)
Courtyard Cafe,,POINT (-88.22720200000001 40.1093897)
Coldstone Ice Cream,,POINT (-88.2315244 40.1101242)
Doodles,,POINT (-88.2312755 40.1092811)
,,POINT (-88.2315931 40.1101242)
Basil Thai,,POINT (-88.2216629 40.1062908)
Evo,,POINT (-88.23054399999999 40.1094916)
Caribou Coffee,,POINT (-88.23386739999999 40.1128581)
International Studies Building,,POINT (-88.23164149999999 40.107192)
Chop Stix,,POINT (-88.2366394 40.1103401)
Green Balcs,,POINT (-88.2308271 40.1116652)
Brothers,,POINT (-88.2298088 40.1101312)
Altgeld Hall Post Office,,POINT (-88.22841150000001 40.1092658)
Bankok Thai,,POINT (-88.2324782 40.1104498)
,,POINT (-88.23468130000001 40.1122784)
CocoMero,,POINT (-88.22898790000001 40.1098854)
Chase Bank ATM,,POINT (-88.2317905 40.1101553)
Mandarin Wok,,POINT (-88.2329878 40.110138)
Spoon House,,POINT (-88.2294153 40.1104271)
Ikenberry Commons,,POINT (-88.2353159 40.1036491)
,,POINT (-88.229624 40.1080433)
Beri,,POINT (-88.2304848 40.1099471)
Array Cafe,,POINT (-88.22542919999999 40.1050262)
Subway,,POINT (-88.2216579 40.1061354)
,,POINT (-88.2264859 40.1089787)
Merry Ann's Diner,,POINT (-88.22197 40.1068605)
Jimmy John's,,POINT (-88.21937990000001 40.1055571)
Great Clips,,POINT (-88.2193833 40.1057107)
,,POINT (-88.2269981 40.1092411)
Graduate School of Library and Information Science (GSLIS),,POINT (-88.23175139999999 40.1076863)
Illini Union,bus_stop,POINT (-88.2270553 40.1103187)
Illini Union (North Shelter),bus_stop,POINT (-88.22808240000001 40.1104228)
Alumni Center Fountain,,POINT (-88.2202738 40.1083439)
,,POINT (-88.2359391 40.1123642)
,,POINT (-88.22901969999999 40.1044452)
,,POINT (-88.2318453 40.1084023)
57 North Convenience Store,,POINT (-88.23505419999999 40.103805)
Sigma Chi Fraternity House,,POINT (-88.2325476 40.1092654)
April's Florist,,POINT (-88.2305866 40.1092004)
Delta Tau Delta Fraternity House,,POINT (-88.233182 40.1087671)
Signature Grill,,POINT (-88.23114990000001 40.1101399)
,crossing,POINT (-88.2381865 40.087373)
,stop,POINT (-88.2385063 40.1040919)
The Smoke Shack,,POINT (-88.23630420000001 40.1105412)
,stop,POINT (-88.23846690000001 40.1014368)
,stop,POINT (-88.2387571 40.1053867)
,stop,POINT (-88.238557 40.1053874)
,stop,POINT (-88.2385448 40.106532)
,stop,POINT (-88.2385505 40.1079082)
,stop,POINT (-88.2385848 40.1090191)
,,POINT (-88.237341 40.1108933)
,,POINT (-88.23742849999999 40.1109111)
,,POINT (-88.23750870000001 40.1109134)
Wright & Stoughton,bus_stop,POINT (-88.22904990000001 40.1136)
White & Wright,,POINT (-88.22893860000001 40.1143173)
Green & Goodwin North Shelter,,POINT (-88.2250112 40.1104853)
,crossing,POINT (-88.2344435 40.1018197)
,crossing,POINT (-88.2302439 40.1030348)
,crossing,POINT (-88.2287814 40.1041576)
Champaign Speed Skating,,POINT (-88.232428 40.10582)
The Bike Project,,POINT (-88.2287378 40.1007377)
,stop,POINT (-88.2218707 40.1041)
,stop,POINT (-88.222036 40.1041833)
,stop,POINT (-88.22173650000001 40.1041855)
,,POINT (-88.2277546 40.1133457)
Parking Department,,POINT (-88.22333570000001 40.112951)
,,POINT (-88.22905299999999 40.113538)
,,POINT (-88.2283262 40.1134288)
,,POINT (-88.2271774 40.113612)
Cracked,,POINT (-88.2255916 40.1125815)
,,POINT (-88.2368542 40.1108685)
,,POINT (-88.23810899999999 40.1133944)
,,POINT (-88.2380702 40.1134366)
,,POINT (-88.2381037 40.1134977)
Campus Property Management,,POINT (-88.23488500000001 40.110023)
Pitaya,,POINT (-88.22938240000001 40.1101978)
Sushi Rock,,POINT (-88.22953750000001 40.1101932)
Antonio's,,POINT (-88.22962080000001 40.1101893)
Smokehouse,,POINT (-88.2297062 40.1101885)
Ambar India,,POINT (-88.2290866 40.1112653)
Armory & Wright,bus_stop,POINT (-88.2287541 40.1056761)
Gregory at Ikenberry Commons,bus_stop,POINT (-88.2346567 40.1039968)
,,POINT (-88.2284069 40.1051912)
Scott Hall Bicycle Parking,,POINT (-88.2361877 40.1020508)
Third and Daniel,bus_stop,POINT (-88.23552340000001 40.1078845)
Fourth and Chalmers,bus_stop,POINT (-88.2335719 40.106707)
Evans Scholars,,POINT (-88.23564260000001 40.1061365)
,bus_stop,POINT (-88.2355247 40.1065577)
,bus_stop,POINT (-88.2354811 40.1054028)
Fifth & Chalmers,bus_stop,POINT (-88.2318724 40.1068955)
Illini Media Building,,POINT (-88.2314504 40.1104259)
Ron's Campus Locksmith,,POINT (-88.23182319999999 40.1104218)
UPS Mailbox,,POINT (-88.2295764 40.1104205)
Caffe Bene,,POINT (-88.2213112 40.1061055)
Dear;72,,POINT (-88.2213205 40.106226)
Kofusion,,POINT (-88.2217175 40.1068667)
bb.q premium chicken,,POINT (-88.2213205 40.1063145)
Campus Mobile Solutions,,POINT (-88.23191780000001 40.1107382)
Bike Parking Area,,POINT (-88.2326437 40.1101793)
Laundry Room,,POINT (-88.2325177 40.1103957)
Bike Rack,,POINT (-88.230608 40.1103383)
Bike Rack,,POINT (-88.2302968 40.109846)
217 Tattoo Parlour,,POINT (-88.23193499999999 40.110706)
Chabad Jewish Center,,POINT (-88.23386170000001 40.1116891)
Starbucks,,POINT (-88.2290667 40.1082201)
Apricot Lane,,POINT (-88.22924260000001 40.1104074)
Mile 2,,POINT (-88.22051879999999 40.1105792)
,,POINT (-88.235102 40.1135667)
,,POINT (-88.234499 40.1088006)
,,POINT (-88.2342716 40.1088011)
,,POINT (-88.23403159999999 40.1088149)
Sakayana,,POINT (-88.2330881 40.1101552)
The Beach Sun & Spa,,POINT (-88.2318745 40.1092349)
Ragstock,,POINT (-88.22920980000001 40.110416)
The Cookie Jar,,POINT (-88.23023310000001 40.1095815)
Activities & Recreation,bus_stop,POINT (-88.23591020000001 40.1013948)
Espresso Royale,,POINT (-88.2275633 40.1047272)
G&R,,POINT (-88.23176890000001 40.1104168)
,,POINT (-88.22139559999999 40.1005316)
,,POINT (-88.2200732 40.1005475)
,,POINT (-88.2201913 40.1007187)
,,POINT (-88.22658629999999 40.1014589)
,,POINT (-88.22932849999999 40.1016084)
,,POINT (-88.2285279 40.1021099)
,,POINT (-88.2323596 40.1039404)
,,POINT (-88.2310872 40.1040454)
,,POINT (-88.2290445 40.1041406)
,,POINT (-88.2301776 40.1048411)
,,POINT (-88.23656459999999 40.1056399)
,,POINT (-88.23655100000001 40.1059237)
,,POINT (-88.2358157 40.1060235)
CU Community Fab Lab,,POINT (-88.2247206 40.1020648)
,,POINT (-88.2365059 40.1050809)
,,POINT (-88.2345645 40.1050869)
,,POINT (-88.23753499999999 40.1051185)
,,POINT (-88.2366456 40.1051797)
,,POINT (-88.2356111 40.1052017)
,,POINT (-88.2375382 40.1052256)
,,POINT (-88.2345627 40.1052289)
,,POINT (-88.2355987 40.1042586)
,,POINT (-88.2354514 40.1042655)
,,POINT (-88.2366399 40.1043274)
,,POINT (-88.2355975 40.104374)
,,POINT (-88.2375255 40.1044495)
,,POINT (-88.23441080000001 40.1044675)
,,POINT (-88.2376649 40.1045154)
,,POINT (-88.2355987 40.1045335)
,,POINT (-88.2366418 40.1046152)
,,POINT (-88.23766310000001 40.1046432)
,,POINT (-88.2355991 40.1046701)
,,POINT (-88.2343886 40.1046792)
,,POINT (-88.2354302 40.1061297)
,,POINT (-88.2335681 40.1061686)
,,POINT (-88.23526889999999 40.1061838)
,,POINT (-88.2345634 40.1047487)
,,POINT (-88.2354541 40.1047728)
,,POINT (-88.23649519999999 40.1047766)
,,POINT (-88.2376696 40.1047826)
,,POINT (-88.2356042 40.1048118)
,,POINT (-88.2356041 40.1048298)
,,POINT (-88.2345648 40.1048972)
,,POINT (-88.2364978 40.1049233)
,,POINT (-88.23559969999999 40.1049629)
,,POINT (-88.23664460000001 40.1049964)
,,POINT (-88.2376726 40.1050137)
,,POINT (-88.2375385 40.1050165)
,,POINT (-88.2374658 40.1053262)
,,POINT (-88.2379466 40.1053293)
,,POINT (-88.2369715 40.1053323)
,,POINT (-88.2377852 40.105333)
,,POINT (-88.23676639999999 40.105336)
,,POINT (-88.23593529999999 40.1053388)
,,POINT (-88.2360228 40.1053389)
,,POINT (-88.237296 40.105339)
,,POINT (-88.23577229999999 40.1053399)
,,POINT (-88.23633239999999 40.1053402)
,,POINT (-88.23536609999999 40.1053406)
,,POINT (-88.23640640000001 40.1053415)
,,POINT (-88.2361946 40.1053426)
,,POINT (-88.235208 40.1053456)
,,POINT (-88.23418820000001 40.1053465)
,,POINT (-88.2342773 40.1053466)
,,POINT (-88.2346819 40.1053478)
,,POINT (-88.23435120000001 40.1053492)
,,POINT (-88.2350466 40.1053494)
,,POINT (-88.2348466 40.1053505)
,,POINT (-88.23390240000001 40.1053527)
,,POINT (-88.2337797 40.1053552)
,,POINT (-88.2368051 40.1054498)
,,POINT (-88.2366538 40.1054522)
,,POINT (-88.236363 40.1054533)
,,POINT (-88.2367211 40.1054536)
,,POINT (-88.2351117 40.1054542)
,,POINT (-88.2360805 40.1054569)
,,POINT (-88.2362268 40.1054583)
,,POINT (-88.2349268 40.1054592)
,,POINT (-88.2359276 40.1054594)
,,POINT (-88.233762 40.10546)
,,POINT (-88.2347973 40.1054604)
,,POINT (-88.2339982 40.1054628)
,,POINT (-88.23447059999999 40.1054645)
,,POINT (-88.23388300000001 40.1054653)
,,POINT (-88.2369266 40.1055414)
,,POINT (-88.228899 40.1055607)
,,POINT (-88.2354295 40.1055682)
,,POINT (-88.2318868 40.105589)
,,POINT (-88.2335609 40.1055966)
,,POINT (-88.23020080000001 40.1056008)
,,POINT (-88.2333642 40.1056055)
,,POINT (-88.2352629 40.1056739)
,,POINT (-88.22897159999999 40.1056805)
,,POINT (-88.2289035 40.1056953)
,,POINT (-88.2320331 40.1057039)
,,POINT (-88.23543100000001 40.1057102)
,,POINT (-88.2369314 40.1057157)
,,POINT (-88.2320331 40.1057245)
,,POINT (-88.23336070000001 40.1057294)
,,POINT (-88.23188159999999 40.105731)
,,POINT (-88.23356800000001 40.105739)
,,POINT (-88.2289651 40.1057773)
,,POINT (-88.2302038 40.105797)
,,POINT (-88.23203460000001 40.1058033)
,,POINT (-88.23203289999999 40.1058239)
,,POINT (-88.22890529999999 40.1058479)
,,POINT (-88.23543309999999 40.1058744)
,,POINT (-88.2370806 40.1059255)
,,POINT (-88.2333655 40.105926)
,,POINT (-88.2335695 40.1059579)
,,POINT (-88.2370822 40.1060081)
,,POINT (-88.2333636 40.1060371)
,,POINT (-88.2302119 40.1060397)
,,POINT (-88.23356769999999 40.1060444)
,,POINT (-88.23542860000001 40.1060458)
,,POINT (-88.232454 40.1068775)
,,POINT (-88.2327331 40.1068829)
,,POINT (-88.23308110000001 40.1068832)
,,POINT (-88.2329062 40.1068843)
,,POINT (-88.2322161 40.1068882)
,,POINT (-88.2318119 40.1068891)
,,POINT (-88.2314689 40.1068914)
,,POINT (-88.2315614 40.1068914)
,,POINT (-88.2316757 40.1068928)
,,POINT (-88.2308637 40.106896)
,,POINT (-88.2352726 40.1068973)
,,POINT (-88.2300216 40.1068985)
,,POINT (-88.231205 40.1068989)
,,POINT (-88.23054430000001 40.1068996)
,,POINT (-88.2296518 40.106902)
,,POINT (-88.22988119999999 40.1069042)
,,POINT (-88.2335889 40.1069063)
,,POINT (-88.2291281 40.1069077)
,,POINT (-88.22952650000001 40.1069078)
,,POINT (-88.22930119999999 40.1069091)
,,POINT (-88.2354394 40.106931)
,,POINT (-88.2333701 40.106232)
,,POINT (-88.2354316 40.1062769)
,,POINT (-88.2302115 40.106285)
,,POINT (-88.23357799999999 40.1062912)
,,POINT (-88.2320548 40.1063014)
,,POINT (-88.2333737 40.1063582)
,,POINT (-88.2352703 40.1063594)
,,POINT (-88.2320496 40.1063659)
,,POINT (-88.23692870000001 40.1063711)
,,POINT (-88.2335762 40.1063919)
,,POINT (-88.23021300000001 40.1064076)
,,POINT (-88.2320512 40.1064304)
,,POINT (-88.2333702 40.1064446)
,,POINT (-88.2380958 40.1064684)
,,POINT (-88.2289178 40.1064688)
,,POINT (-88.2379378 40.1064696)
,,POINT (-88.2304125 40.109606)
,,POINT (-88.23711160000001 40.1096775)
,,POINT (-88.2304207 40.1096777)
,,POINT (-88.2336286 40.1096923)
,,POINT (-88.2334317 40.1097125)
,,POINT (-88.2303173 40.1097253)
,,POINT (-88.23196160000001 40.1097272)
,,POINT (-88.2366797 40.1064722)
,,POINT (-88.23768389999999 40.1064745)
,,POINT (-88.2351457 40.1064936)
,,POINT (-88.234021 40.106499)
,,POINT (-88.2302162 40.1065135)
,,POINT (-88.23205110000001 40.1065221)
,,POINT (-88.2289159 40.1065682)
,,POINT (-88.2377302 40.106603)
,,POINT (-88.237557 40.1066055)
,,POINT (-88.2333836 40.10662)
,,POINT (-88.2350264 40.1066224)
,,POINT (-88.232061 40.1066241)
,,POINT (-88.23561479999999 40.1066249)
,,POINT (-88.23510039999999 40.1066251)
,,POINT (-88.2347966 40.1066275)
,,POINT (-88.23517940000001 40.1066277)
,,POINT (-88.2344999 40.1066279)
,,POINT (-88.23494959999999 40.1066289)
,,POINT (-88.23435019999999 40.1066316)
,,POINT (-88.23393160000001 40.1066338)
,,POINT (-88.23420230000001 40.1066367)
,,POINT (-88.2302177 40.1066904)
,,POINT (-88.22892330000001 40.1066914)
,,POINT (-88.2354383 40.1067331)
,,POINT (-88.232471 40.1067523)
,,POINT (-88.2326391 40.1067524)
,,POINT (-88.232777 40.1067538)
,,POINT (-88.2322155 40.1067559)
,,POINT (-88.23527009999999 40.106763)
,,POINT (-88.23011 40.1067678)
,,POINT (-88.2299704 40.1067689)
,,POINT (-88.22975889999999 40.1067749)
,,POINT (-88.23358229999999 40.1067914)
,,POINT (-88.2352673 40.1068234)
,,POINT (-88.2289249 40.1069767)
,,POINT (-88.2352684 40.1069775)
,,POINT (-88.2333872 40.1069829)
,,POINT (-88.2320672 40.1069868)
,,POINT (-88.2354406 40.1070278)
,,POINT (-88.2352765 40.1070535)
,,POINT (-88.2289282 40.1070645)
,,POINT (-88.2333785 40.1070664)
,,POINT (-88.2319157 40.1071222)
,,POINT (-88.2320754 40.1071236)
,,POINT (-88.2354457 40.1071253)
,,POINT (-88.2333817 40.107171)
,,POINT (-88.2289329 40.1072246)
,,POINT (-88.2336004 40.107235)
,,POINT (-88.2370944 40.1072497)
,,POINT (-88.2354426 40.1072589)
,,POINT (-88.2352775 40.1072659)
,,POINT (-88.2320826 40.1073171)
,,POINT (-88.23191370000001 40.1073365)
,,POINT (-88.2333941 40.107365)
,,POINT (-88.2289353 40.1073724)
,,POINT (-88.2354438 40.1073901)
,,POINT (-88.2352746 40.1074024)
,,POINT (-88.2289384 40.1074892)
,,POINT (-88.2370944 40.1075044)
,,POINT (-88.2320756 40.1075056)
,,POINT (-88.23042959999999 40.107527)
,,POINT (-88.23694260000001 40.1075612)
,,POINT (-88.23024119999999 40.1075913)
,,POINT (-88.22893759999999 40.1076256)
,,POINT (-88.233603 40.1076264)
,,POINT (-88.2371005 40.1076393)
,,POINT (-88.2320781 40.1076648)
,,POINT (-88.23192589999999 40.107682)
,,POINT (-88.2333953 40.1077006)
,,POINT (-88.2302439 40.10773)
,,POINT (-88.23360460000001 40.1077362)
,,POINT (-88.2370978 40.1077491)
,,POINT (-88.2304329 40.1078109)
,,POINT (-88.23208459999999 40.107821)
,,POINT (-88.237548 40.1078477)
,,POINT (-88.2373824 40.1078504)
,,POINT (-88.23722189999999 40.1078512)
,,POINT (-88.2367631 40.1078555)
,,POINT (-88.2358813 40.1078654)
,,POINT (-88.23486920000001 40.1078708)
,,POINT (-88.2351032 40.1078713)
,,POINT (-88.23430430000001 40.1078755)
,,POINT (-88.2344758 40.1078756)
,,POINT (-88.23415129999999 40.1078818)
,,POINT (-88.23248839999999 40.1078918)
,,POINT (-88.2322018 40.1078928)
,,POINT (-88.2323447 40.1078942)
,,POINT (-88.23097009999999 40.1078965)
,,POINT (-88.23054639999999 40.1079025)
,,POINT (-88.23068600000001 40.1079027)
,,POINT (-88.2308037 40.1079028)
,,POINT (-88.2301303 40.1079031)
,,POINT (-88.2299546 40.1079056)
,,POINT (-88.2311231 40.1079056)
,,POINT (-88.2295599 40.1079088)
,,POINT (-88.2297262 40.1079094)
,,POINT (-88.22913459999999 40.1079127)
,,POINT (-88.2293767 40.1079138)
,,POINT (-88.2379263 40.1079793)
,,POINT (-88.2374171 40.1079797)
,,POINT (-88.2373092 40.1079844)
,,POINT (-88.2367014 40.1079894)
,,POINT (-88.23611320000001 40.1079899)
,,POINT (-88.2363678 40.107992)
,,POINT (-88.23561770000001 40.1079923)
,,POINT (-88.2358272 40.1079935)
,,POINT (-88.2357319 40.1079943)
,,POINT (-88.23488450000001 40.1079985)
,,POINT (-88.2344911 40.108002)
,,POINT (-88.23467599999999 40.1080022)
,,POINT (-88.2351249 40.1080052)
,,POINT (-88.23395650000001 40.1080081)
,,POINT (-88.2342944 40.1080084)
,,POINT (-88.23379509999999 40.1080092)
,,POINT (-88.2341078 40.1080095)
,,POINT (-88.23250090000001 40.1080209)
,,POINT (-88.23160710000001 40.1080209)
,,POINT (-88.2322588 40.1080219)
,,POINT (-88.23146079999999 40.1080234)
,,POINT (-88.2311902 40.1080257)
,,POINT (-88.2307783 40.1080292)
,,POINT (-88.23098 40.1080333)
,,POINT (-88.2297195 40.1080335)
,,POINT (-88.2352872 40.1081014)
,,POINT (-88.2352831 40.1081482)
,,POINT (-88.2334008 40.108156)
,,POINT (-88.23694329999999 40.1081562)
,,POINT (-88.2336049 40.1081621)
,,POINT (-88.23709650000001 40.1081918)
,,POINT (-88.2320883 40.1082064)
,,POINT (-88.22896609999999 40.1082149)
,,POINT (-88.23360649999999 40.1082719)
,,POINT (-88.2320874 40.1082735)
,,POINT (-88.23528829999999 40.1082752)
,,POINT (-88.22896849999999 40.1082872)
,,POINT (-88.23340640000001 40.1083089)
,,POINT (-88.2371089 40.1083418)
,,POINT (-88.2289693 40.1083608)
,,POINT (-88.23193310000001 40.1083849)
,,POINT (-88.2289717 40.1084363)
,,POINT (-88.2369514 40.1084649)
,,POINT (-88.2336112 40.108468)
,,POINT (-88.22897209999999 40.1085611)
,,POINT (-88.2334094 40.1085645)
,,POINT (-88.2371022 40.1086043)
,,POINT (-88.2289719 40.1086334)
,,POINT (-88.2320964 40.1086848)
,,POINT (-88.2369498 40.1086922)
,,POINT (-88.2290108 40.1087005)
,,POINT (-88.23362280000001 40.1087325)
,,POINT (-88.23710989999999 40.1087503)
,,POINT (-88.23545970000001 40.1087671)
,,POINT (-88.2334141 40.1087711)
,,POINT (-88.2290124 40.1088295)
,,POINT (-88.2336243 40.1088357)
,,POINT (-88.2371023 40.1088437)
,,POINT (-88.22901469999999 40.1089308)
,,POINT (-88.2372871 40.1089551)
,,POINT (-88.23719060000001 40.1089569)
,,POINT (-88.2374765 40.10896)
,,POINT (-88.2368792 40.1089608)
,,POINT (-88.2357542 40.1089743)
,,POINT (-88.2349552 40.1089754)
,,POINT (-88.2355635 40.1089761)
,,POINT (-88.2301389 40.1089767)
,,POINT (-88.2302272 40.1089787)
,,POINT (-88.2342726 40.10898)
,,POINT (-88.2343331 40.1089801)
,,POINT (-88.2297178 40.1089802)
,,POINT (-88.23372329999999 40.1089817)
,,POINT (-88.22959419999999 40.108982)
,,POINT (-88.2298212 40.1089822)
,,POINT (-88.2333154 40.1089838)
,,POINT (-88.2337905 40.1089856)
,,POINT (-88.2331178 40.1089888)
,,POINT (-88.2292636 40.1089891)
,,POINT (-88.23252549999999 40.1089891)
,,POINT (-88.2293813 40.1089892)
,,POINT (-88.2328887 40.1089894)
,,POINT (-88.23231199999999 40.1090005)
,,POINT (-88.230901 40.1090007)
,,POINT (-88.231551 40.1090008)
,,POINT (-88.2317006 40.1090029)
,,POINT (-88.2307825 40.1090038)
,,POINT (-88.23065389999999 40.1090056)
,,POINT (-88.23185119999999 40.1090062)
,,POINT (-88.237398 40.1090707)
,,POINT (-88.23721569999999 40.1090753)
,,POINT (-88.23687219999999 40.1090768)
,,POINT (-88.23647080000001 40.1090813)
,,POINT (-88.2366552 40.1090815)
,,POINT (-88.23569380000001 40.1090821)
,,POINT (-88.23628960000001 40.1090845)
,,POINT (-88.2360249 40.1090853)
,,POINT (-88.2359158 40.1090861)
,,POINT (-88.23555829999999 40.1090897)
,,POINT (-88.2352088 40.109097)
,,POINT (-88.2342646 40.1091008)
,,POINT (-88.2339838 40.1091032)
,,POINT (-88.23380899999999 40.1091043)
,,POINT (-88.2341301 40.1091046)
,,POINT (-88.2331815 40.1091117)
,,POINT (-88.2326116 40.109119)
,,POINT (-88.2323997 40.1091214)
,,POINT (-88.23221479999999 40.1091238)
,,POINT (-88.2318436 40.1091254)
,,POINT (-88.23124679999999 40.10913)
,,POINT (-88.23043149999999 40.1091755)
,,POINT (-88.2371076 40.1091937)
,,POINT (-88.2334117 40.1092095)
,,POINT (-88.2369485 40.1092194)
,,POINT (-88.231948 40.1092218)
,,POINT (-88.2303162 40.1092219)
,,POINT (-88.23362419999999 40.1092433)
,,POINT (-88.2303161 40.1092812)
,,POINT (-88.23695720000001 40.1093283)
,,POINT (-88.23710989999999 40.109394)
,,POINT (-88.2336256 40.1093982)
,,POINT (-88.2354642 40.1094126)
,,POINT (-88.2371072 40.1095105)
,,POINT (-88.2334314 40.1095554)
,,POINT (-88.2369593 40.1095555)
,,POINT (-88.2303184 40.1095931)
,,POINT (-88.23363550000001 40.1095942)
,,POINT (-88.2289753 40.1098121)
,,POINT (-88.237111 40.1098235)
,,POINT (-88.2334357 40.1098599)
,,POINT (-88.2336311 40.1098995)
,,POINT (-88.2371108 40.1099497)
,,POINT (-88.2334372 40.1099967)
,,POINT (-88.23196540000001 40.1100028)
,,POINT (-88.23363430000001 40.110008)
,,POINT (-88.2371119 40.1100672)
,,POINT (-88.2334388 40.1100845)
,,POINT (-88.23211139999999 40.1101152)
,,POINT (-88.23043560000001 40.110138)
,,POINT (-88.2374066 40.110158)
,,POINT (-88.2366761 40.1101581)
,,POINT (-88.2375433 40.1101591)
,,POINT (-88.2362882 40.1101646)
,,POINT (-88.2360984 40.1101676)
,,POINT (-88.2303237 40.1101688)
,,POINT (-88.2359316 40.1101706)
,,POINT (-88.23580680000001 40.1101715)
,,POINT (-88.2337879 40.1101985)
,,POINT (-88.23306239999999 40.1102043)
,,POINT (-88.2332809 40.1102045)
,,POINT (-88.23293959999999 40.1102068)
,,POINT (-88.2327849 40.110208)
,,POINT (-88.23228899999999 40.1102127)
,,POINT (-88.2344317 40.1102159)
,,POINT (-88.2318282 40.110217)
,,POINT (-88.23416109999999 40.1102182)
,,POINT (-88.2315054 40.1102186)
,,POINT (-88.2315827 40.1102187)
,,POINT (-88.231745 40.1102188)
,,POINT (-88.2313454 40.1102242)
,,POINT (-88.23082170000001 40.1102263)
,,POINT (-88.23090999999999 40.1102283)
,,POINT (-88.2306351 40.1102313)
,,POINT (-88.2300773 40.1102319)
,,POINT (-88.22958629999999 40.110239)
,,POINT (-88.229687 40.1102393)
,,POINT (-88.2291567 40.11024)
,,POINT (-88.2293341 40.1102401)
,,POINT (-88.2294375 40.1102421)
,,POINT (-88.2363666 40.1103029)
,,POINT (-88.23625269999999 40.1103039)
,,POINT (-88.23602630000001 40.1103047)
,,POINT (-88.23613880000001 40.1103048)
,,POINT (-88.2357157 40.1103117)
,,POINT (-88.2333261 40.1103169)
,,POINT (-88.234213 40.110319)
,,POINT (-88.2328672 40.1103203)
,,POINT (-88.2331832 40.1103206)
,,POINT (-88.2346855 40.1103206)
,,POINT (-88.23306719999999 40.1103218)
,,POINT (-88.23263679999999 40.110324)
,,POINT (-88.2323056 40.1103276)
,,POINT (-88.2324418 40.1103277)
,,POINT (-88.2318258 40.1103322)
,,POINT (-88.23167359999999 40.1103347)
,,POINT (-88.2312671 40.1103376)
,,POINT (-88.2311637 40.1103394)
,,POINT (-88.2305947 40.1103438)
,,POINT (-88.2371146 40.1103487)
,,POINT (-88.2299859 40.1103509)
,,POINT (-88.2301061 40.110351)
,,POINT (-88.2298388 40.1103527)
,,POINT (-88.22973709999999 40.1103532)
,,POINT (-88.2294856 40.1103545)
,,POINT (-88.22923849999999 40.1103568)
,,POINT (-88.2293394 40.1103595)
,,POINT (-88.23346770000001 40.1104091)
,,POINT (-88.2304331 40.1104224)
,,POINT (-88.2371151 40.1104224)
,,POINT (-88.23032790000001 40.1104251)
,,POINT (-88.2369626 40.1104339)
,,POINT (-88.2319784 40.1104386)
,,POINT (-88.2336411 40.1105198)
,,POINT (-88.23711489999999 40.1105293)
,,POINT (-88.2334482 40.110535)
,,POINT (-88.2321223 40.1105437)
,,POINT (-88.2371143 40.110563)
,,POINT (-88.2304858 40.1105649)
,,POINT (-88.2303058 40.1106316)
,,POINT (-88.2319746 40.1107084)
,,POINT (-88.2304906 40.1107405)
,,POINT (-88.2290307 40.1128821)
,,POINT (-88.2371502 40.112889)
,,POINT (-88.23698 40.1128908)
,,POINT (-88.2303307 40.1108252)
,,POINT (-88.23198360000001 40.1109545)
,,POINT (-88.236974 40.1110699)
,,POINT (-88.23366609999999 40.1110745)
,,POINT (-88.2319869 40.1110922)
,,POINT (-88.2371241 40.1111004)
,,POINT (-88.2334536 40.1111486)
,,POINT (-88.2369752 40.1111741)
,,POINT (-88.2371265 40.1111909)
,,POINT (-88.2303371 40.111241)
,,POINT (-88.2336675 40.1112423)
,,POINT (-88.23548359999999 40.1112549)
,,POINT (-88.2334601 40.1112661)
,,POINT (-88.236971 40.1112709)
,,POINT (-88.2319849 40.1112819)
,,POINT (-88.2371213 40.1113084)
,,POINT (-88.23045639999999 40.1113409)
,,POINT (-88.2336655 40.1113616)
,,POINT (-88.2380976 40.1113659)
,,POINT (-88.23779020000001 40.1113762)
,,POINT (-88.23770620000001 40.1113781)
,,POINT (-88.2375682 40.111379)
,,POINT (-88.23741649999999 40.1113808)
,,POINT (-88.2372587 40.1113858)
,,POINT (-88.23045639999999 40.1113874)
,,POINT (-88.2368515 40.1113874)
,,POINT (-88.2365775 40.1113903)
,,POINT (-88.2350951 40.1113951)
,,POINT (-88.2352027 40.1113977)
,,POINT (-88.2346915 40.1113986)
,,POINT (-88.2349622 40.1113988)
,,POINT (-88.2351539 40.111399)
,,POINT (-88.23448639999999 40.111401)
,,POINT (-88.234283 40.1114047)
,,POINT (-88.23419680000001 40.1114059)
,,POINT (-88.23404549999999 40.1114096)
,,POINT (-88.2338219 40.1114107)
,,POINT (-88.2314362 40.1114118)
,,POINT (-88.2313201 40.1114233)
,,POINT (-88.2325737 40.1114238)
,,POINT (-88.23152020000001 40.1114338)
,,POINT (-88.2293911 40.1114474)
,,POINT (-88.2295676 40.1114527)
,,POINT (-88.2375827 40.1115026)
,,POINT (-88.2375062 40.1115054)
,,POINT (-88.2372585 40.1115062)
,,POINT (-88.2361251 40.1115167)
,,POINT (-88.236239 40.111522)
,,POINT (-88.2341002 40.1115227)
,,POINT (-88.2343541 40.1115242)
,,POINT (-88.23635160000001 40.1115242)
,,POINT (-88.23428850000001 40.1115254)
,,POINT (-88.2338833 40.1115264)
,,POINT (-88.2337337 40.1115275)
,,POINT (-88.2329737 40.11153)
,,POINT (-88.2333368 40.1115304)
,,POINT (-88.23316199999999 40.1115328)
,,POINT (-88.23231629999999 40.1115411)
,,POINT (-88.2324508 40.1115412)
,,POINT (-88.2325063 40.1115438)
,,POINT (-88.2317408 40.1115439)
,,POINT (-88.23102249999999 40.111547)
,,POINT (-88.23157689999999 40.111547)
,,POINT (-88.2312192 40.1115498)
,,POINT (-88.230777 40.1115533)
,,POINT (-88.233677 40.1115776)
,,POINT (-88.23346770000001 40.1116185)
,,POINT (-88.2371289 40.1116468)
,,POINT (-88.2334682 40.1117207)
,,POINT (-88.2371267 40.1118032)
,,POINT (-88.23696579999999 40.1118209)
,,POINT (-88.2334704 40.1118211)
,,POINT (-88.2336784 40.1118239)
,,POINT (-88.23199339999999 40.1118248)
,,POINT (-88.2336801 40.1118837)
,,POINT (-88.23347029999999 40.111905)
,,POINT (-88.23713720000001 40.1119384)
,,POINT (-88.2369704 40.1119414)
,,POINT (-88.2336749 40.1120049)
,,POINT (-88.2334639 40.1120455)
,,POINT (-88.2369729 40.1120799)
,,POINT (-88.2371411 40.1120934)
,,POINT (-88.2336799 40.1121216)
,,POINT (-88.23215140000001 40.1123172)
,,POINT (-88.23200540000001 40.1123174)
,,POINT (-88.2334729 40.1123608)
,,POINT (-88.2329067 40.1124145)
,,POINT (-88.2321678 40.1124441)
,,POINT (-88.2320082 40.1124923)
,,POINT (-88.232912 40.1124962)
,,POINT (-88.23347800000001 40.112521)
,,POINT (-88.23263249999999 40.1125826)
,,POINT (-88.2324789 40.1125882)
,,POINT (-88.23290969999999 40.1125911)
,,POINT (-88.2379454 40.1126996)
,,POINT (-88.2378351 40.1127095)
,,POINT (-88.2373935 40.1127106)
,,POINT (-88.2377279 40.1127209)
,,POINT (-88.23756659999999 40.1127225)
,,POINT (-88.2380153 40.1127233)
,,POINT (-88.23725349999999 40.112725)
,,POINT (-88.23510280000001 40.1127266)
,,POINT (-88.2346 40.1127287)
,,POINT (-88.2347606 40.1127293)
,,POINT (-88.2349339 40.1127296)
,,POINT (-88.2362519 40.1127298)
,,POINT (-88.2342838 40.1127303)
,,POINT (-88.2341021 40.1127304)
,,POINT (-88.2344051 40.1127309)
,,POINT (-88.23395050000001 40.1127335)
,,POINT (-88.2325087 40.1127374)
,,POINT (-88.23698210000001 40.1127569)
,,POINT (-88.2295014 40.1127646)
,,POINT (-88.2293281 40.112769)
,,POINT (-88.2370877 40.1127725)
,,POINT (-88.2290315 40.112976)
,,POINT (-88.2371498 40.1129803)
,,POINT (-88.2370931 40.112992)
,,POINT (-88.2369815 40.1130221)
,,POINT (-88.237149 40.1130576)
,,POINT (-88.2321725 40.1130857)
,,POINT (-88.22903549999999 40.1131103)
,,POINT (-88.23548460000001 40.1131178)
,,POINT (-88.2371504 40.1131414)
,,POINT (-88.232011 40.113148)
,,POINT (-88.2369841 40.113157)
,,POINT (-88.2371515 40.1131997)
,,POINT (-88.22903839999999 40.1132261)
,,POINT (-88.2335989 40.1132456)
,,POINT (-88.23201210000001 40.1132719)
,,POINT (-88.2371502 40.1132886)
,,POINT (-88.23359619999999 40.1132941)
,,POINT (-88.23697989999999 40.1133005)
,,POINT (-88.22903820000001 40.1133423)
,,POINT (-88.23715439999999 40.1133655)
,,POINT (-88.2369219 40.1133891)
,,POINT (-88.23467340000001 40.1133907)
,,POINT (-88.2367773 40.113391)
,,POINT (-88.2345024 40.113392)
,,POINT (-88.23418220000001 40.1133928)
,,POINT (-88.2365681 40.1133928)
,,POINT (-88.23558559999999 40.113394)
,,POINT (-88.2363848 40.1133956)
,,POINT (-88.2361782 40.1133974)
,,POINT (-88.23513819999999 40.1133981)
,,POINT (-88.2348981 40.1133998)
,,POINT (-88.2360103 40.1134003)
,,POINT (-88.2357224 40.113401)
,,POINT (-88.2370942 40.1134033)
,,POINT (-88.2329273 40.1134085)
,,POINT (-88.2331855 40.1134097)
,,POINT (-88.2327659 40.1134134)
,,POINT (-88.2324909 40.1134151)
,,POINT (-88.2306059 40.1134204)
,,POINT (-88.2315084 40.1134222)
,,POINT (-88.2311043 40.1134228)
,,POINT (-88.2309235 40.1134236)
,,POINT (-88.23068979999999 40.1134254)
,,POINT (-88.2291515 40.1134285)
,,POINT (-88.2293361 40.1134306)
,,POINT (-88.2299429 40.1134312)
,,POINT (-88.2295479 40.1134318)
,,POINT (-88.2301798 40.1134319)
,,POINT (-88.2296757 40.1134329)
,,POINT (-88.22975700000001 40.113433)
,,POINT (-88.2370864 40.1134844)
,,POINT (-88.2366706 40.1135074)
,,POINT (-88.2369262 40.1135076)
,,POINT (-88.23599919999999 40.1135088)
,,POINT (-88.23679319999999 40.1135095)
,,POINT (-88.2363594 40.1135111)
,,POINT (-88.2358352 40.1135126)
,,POINT (-88.23649760000001 40.1135132)
,,POINT (-88.2352046 40.1135141)
,,POINT (-88.23566870000001 40.1135145)
,,POINT (-88.23715 40.1135159)
,,POINT (-88.2346261 40.1135173)
,,POINT (-88.2348527 40.113518)
,,POINT (-88.2347501 40.1135189)
,,POINT (-88.2349935 40.1135223)
,,POINT (-88.23284870000001 40.1135247)
,,POINT (-88.2330346 40.1135249)
,,POINT (-88.2331624 40.113525)
,,POINT (-88.2332992 40.1135251)
,,POINT (-88.232686 40.1135255)
,,POINT (-88.2333728 40.1135261)
,,POINT (-88.23234770000001 40.1135262)
,,POINT (-88.2317099 40.1135376)
,,POINT (-88.23071710000001 40.1135377)
,,POINT (-88.231475 40.1135384)
,,POINT (-88.23153309999999 40.1135394)
,,POINT (-88.2299027 40.1135442)
,,POINT (-88.2301739 40.1135454)
,,POINT (-88.2297504 40.113547)
,,POINT (-88.22961479999999 40.1135479)
,,POINT (-88.2293269 40.1135526)
,,POINT (-88.2371474 40.1135902)
,,POINT (-88.23051649999999 40.113627)
,,POINT (-88.2354904 40.1136382)
,,POINT (-88.23533209999999 40.1136659)
,,POINT (-88.23715079999999 40.1136751)
,,POINT (-88.22904339999999 40.1136776)
Grainger Bob,,POINT (-88.22698099999999 40.112367)
,,POINT (-88.2270894 40.1130298)
Springfield & Gregory St.,bus_stop,POINT (-88.2207892 40.1127249)
Pho Thai Kitchen,,POINT (-88.2297892 40.110185)
,,POINT (-88.2277402 40.1121717)
,,POINT (-88.2281215 40.1088375)
,,POINT (-88.22547539999999 40.1120503)
,,POINT (-88.2287288 40.1006679)
,,POINT (-88.23507789999999 40.1013682)
,,POINT (-88.220024 40.1048198)
,,POINT (-88.23143399999999 40.1075733)
Te Shurt,,POINT (-88.2291297 40.1099055)
McDonald's,,POINT (-88.229815 40.1104563)
,,POINT (-88.22127039999999 40.1042564)
The Red Oak Rain Garden,,POINT (-88.22112869999999 40.1035836)
,,POINT (-88.2331327 40.1016299)
,,POINT (-88.2316084 40.1017381)
309 Green,,POINT (-88.2343249 40.1099663)
,,POINT (-88.2293038 40.1101057)
Springfield & Busey,bus_stop,POINT (-88.2176154 40.1128433)
Salad Meister,,POINT (-88.23058159999999 40.1112808)
Latea Bubble Tea Lounge,,POINT (-88.2305736 40.1110921)
Campus Pantry,,POINT (-88.23721329999999 40.1103785)
Flawless Cuts Phaze 2,,POINT (-88.2365695 40.1103395)
,,POINT (-88.2367964 40.1060117)
,,POINT (-88.2278065 40.1066031)
Espresso Royal,,POINT (-88.22674809999999 40.1124815)
,,POINT (-88.2273643 40.1125606)
,,POINT (-88.23599059999999 40.1012902)
,,POINT (-88.2333399 40.1053412)
,,POINT (-88.22796049999999 40.1055354)
,,POINT (-88.2271855 40.1028302)
,,POINT (-88.2247177 40.10787)
,,POINT (-88.237548 40.102919)
,,POINT (-88.2377197 40.1030113)
,,POINT (-88.2377894 40.1032452)
,,POINT (-88.2266621 40.1090216)
Goodwin & Gregory,bus_stop,POINT (-88.22391159999999 40.104612)
Gregory at Mumford Hall,bus_stop,POINT (-88.2255232 40.1042477)
,,POINT (-88.22766540000001 40.1125652)
,,POINT (-88.227687 40.1126194)
,,POINT (-88.2276454 40.1126187)
,,POINT (-88.22883040000001 40.1124456)
,,POINT (-88.2288327 40.1124724)
,,POINT (-88.22706770000001 40.1122447)
,,POINT (-88.2270023 40.1122287)
,,POINT (-88.22692549999999 40.1122233)
,,POINT (-88.2267832 40.1122255)
,,POINT (-88.2267102 40.1122334)
,,POINT (-88.2266391 40.1122494)
,,POINT (-88.2268559 40.1122237)
,,POINT (-88.22726059999999 40.1109443)
,,POINT (-88.22725819999999 40.1110958)
,,POINT (-88.2274218 40.1112548)
,,POINT (-88.2274379 40.1112025)
,,POINT (-88.227344 40.1112712)
,,POINT (-88.22773530000001 40.1115458)
,,POINT (-88.2274843 40.11159)
,,POINT (-88.22740020000001 40.1108279)
,,POINT (-88.22737979999999 40.110829)
,,POINT (-88.2270233 40.1112388)
,,POINT (-88.22703490000001 40.1112209)
,,POINT (-88.22704659999999 40.1112057)
,,POINT (-88.2269345 40.1112379)
,,POINT (-88.22691349999999 40.1112227)
,,POINT (-88.22690420000001 40.1112013)
,,POINT (-88.2277503 40.1118471)
,,POINT (-88.2273428 40.1108185)
,,POINT (-88.228157 40.1091479)
,,POINT (-88.2329981 40.1047848)
,,POINT (-88.2246432 40.1080852)
,,POINT (-88.22445209999999 40.1076413)
,,POINT (-88.2249513 40.1080894)
,,POINT (-88.2273139 40.1110474)
,,POINT (-88.2271918 40.1109961)
Son of Deucalion,,POINT (-88.2270781 40.1056881)
Son of Deucalion,,POINT (-88.2273228 40.1056846)
,,POINT (-88.22721610000001 40.1054512)
Fourth & Gregory,bus_stop,POINT (-88.2335073 40.1036575)
Fourth & Gregory,bus_stop,POINT (-88.2333381 40.1039945)
Fourth & Peabody,bus_stop,POINT (-88.2334608 40.1015782)
,,POINT (-88.2344717 40.1030213)
,,POINT (-88.2336028 40.1015847)
ACES Sculpture,,POINT (-88.22657959999999 40.1020508)
Mac and Diana Garret Memorial Tree,,POINT (-88.2332679 40.1029878)
Night Train,,POINT (-88.2299952 40.1031273)
,,POINT (-88.231764 40.1016547)
Tree of Life Fantasy,,POINT (-88.229134 40.1027343)
,,POINT (-88.2367011 40.1039613)
,,POINT (-88.23726069999999 40.1024149)
,,POINT (-88.2260871 40.1031163)
,,POINT (-88.234652 40.1034663)
,,POINT (-88.22849530000001 40.1091859)
,,POINT (-88.2285242 40.108835)
,,POINT (-88.2286246 40.1088948)
Eternal Flame,,POINT (-88.2277812 40.1070633)
,,POINT (-88.2252275 40.1112927)
,,POINT (-88.2253035 40.110788)
,,POINT (-88.2266022 40.1107901)
,,POINT (-88.2264205 40.1107924)
,,POINT (-88.22609970000001 40.1106944)
,,POINT (-88.2307058 40.101119)
,,POINT (-88.22826379999999 40.1056688)
,,POINT (-88.22719650000001 40.106177)
,,POINT (-88.2272742 40.106176)
,,POINT (-88.2271191 40.1061779)
,,POINT (-88.2258886 40.1130357)
,,POINT (-88.22691930000001 40.105662)
,,POINT (-88.226812 40.1056702)
,,POINT (-88.236749 40.1124194)
,,POINT (-88.2241286 40.108124)
,,POINT (-88.22412850000001 40.1079349)
,,POINT (-88.2246227 40.1081233)
,,POINT (-88.2379001 40.1134535)
,,POINT (-88.229108 40.1094409)
,,POINT (-88.2293009 40.10923)
,,POINT (-88.2283666 40.1095669)
,,POINT (-88.2284969 40.1093546)
,crossing,POINT (-88.2254701 40.1095037)
,,POINT (-88.2261627 40.1091127)
,,POINT (-88.2258665 40.1091127)
,,POINT (-88.22626529999999 40.1092344)
,,POINT (-88.2260235 40.1098707)
Illinois Street Residence Hall,bus_stop,POINT (-88.2217713 40.108985)
Illinois Street Residence Hall,bus_stop,POINT (-88.22205820000001 40.1091493)
,,POINT (-88.2243015 40.1141025)
,,POINT (-88.22523630000001 40.1142902)
,,POINT (-88.2242352 40.1139427)
,,POINT (-88.2280219 40.1128394)
,,POINT (-88.2276683 40.1128471)
,,POINT (-88.2253499 40.1131397)
,,POINT (-88.2269828 40.1106982)
,,POINT (-88.2264686 40.1115433)
Class of 1900 Memorial Bench,,POINT (-88.2278177 40.1092408)
,,POINT (-88.2278907 40.1084408)
,,POINT (-88.2282237 40.1081164)
,,POINT (-88.2282108 40.107848)
,,POINT (-88.2285019 40.1075725)
,,POINT (-88.22576100000001 40.1107923)
,,POINT (-88.23458100000001 40.1039686)
,,POINT (-88.2208882 40.1107594)
,,POINT (-88.22989269999999 40.1094167)
,,POINT (-88.2296709 40.1094179)
,,POINT (-88.2365045 40.1052029)
,,POINT (-88.2364967 40.1048656)
Gone Fishing,,POINT (-88.2244646 40.1114115)
The Pioneers,,POINT (-88.22933159999999 40.1043015)
,crossing,POINT (-88.2254822 40.110479)
,traffic_signals,POINT (-88.2239311 40.1104997)
,crossing,POINT (-88.2302313 40.1079699)
,,POINT (-88.22541630000001 40.1081353)
,,POINT (-88.22539310000001 40.1075526)
,,POINT (-88.2244877 40.1076395)
Twice is Nice,,POINT (-88.2154298 40.1112569)
,,POINT (-88.2149416 40.1103912)
Astor Place,,POINT (-88.2151964 40.1103717)
,,POINT (-88.215462 40.1103645)
,,POINT (-88.2165281 40.1103738)
,,POINT (-88.2166938 40.110362)
,,POINT (-88.2172939 40.1103348)
,,POINT (-88.2173603 40.1099655)
,,POINT (-88.2169177 40.1099881)
,,POINT (-88.21675140000001 40.1099512)
,,POINT (-88.2165885 40.1099599)
,,POINT (-88.217473 40.1099096)
,,POINT (-88.2174656 40.1099717)
,,POINT (-88.2162707 40.1099614)
,,POINT (-88.2149751 40.109983)
,,POINT (-88.2158428 40.1099286)
Bobo China,,POINT (-88.2330326 40.1104265)
Jurassic Grill,,POINT (-88.2331124 40.1103981)
,,POINT (-88.2298505 40.1058489)
,,POINT (-88.22982469999999 40.1066569)
,,POINT (-88.2300355 40.1055879)
,,POINT (-88.2164624 40.1126343)
,,POINT (-88.21674 40.1126128)
,,POINT (-88.21696129999999 40.1125953)
,,POINT (-88.217141 40.1125882)
,,POINT (-88.2175447 40.1125892)
Springfield & Busey,bus_stop,POINT (-88.217917 40.1127462)
Green & Busey,bus_stop,POINT (-88.21762409999999 40.1106703)
,,POINT (-88.2175326 40.110862)
,,POINT (-88.21734619999999 40.1108784)
Greencrest Apartments,,POINT (-88.2171343 40.1108671)
Greencrest Apartments,,POINT (-88.2169694 40.1108692)
,,POINT (-88.2167132 40.1108856)
,,POINT (-88.21652949999999 40.1108866)
,,POINT (-88.2163082 40.110864)
,,POINT (-88.21636049999999 40.1110671)
,,POINT (-88.216335 40.1112446)
,,POINT (-88.2255191 40.1136307)
Hallene Gateway,,POINT (-88.21986889999999 40.1086279)
,,POINT (-88.2253243 40.1107672)
Jipbap Taste of Korea,,POINT (-88.23058399999999 40.1113787)
Goodwin & Nevada,bus_stop,POINT (-88.2236889 40.1060698)
,,POINT (-88.22712009999999 40.1048317)
,,POINT (-88.2272488 40.1048317)
,,POINT (-88.2272904 40.1048306)
,,POINT (-88.2270785 40.1048296)
,,POINT (-88.22711870000001 40.1045978)
,,POINT (-88.2270785 40.1045978)
,,POINT (-88.2272904 40.1045988)
,,POINT (-88.2272502 40.1045988)
,,POINT (-88.227332 40.1047742)
,,POINT (-88.22732929999999 40.1047178)
,,POINT (-88.22732929999999 40.1046583)
,,POINT (-88.2270343 40.1047732)
,,POINT (-88.22703559999999 40.1047157)
,,POINT (-88.22703559999999 40.1046573)
,,POINT (-88.2269216 40.1048891)
,,POINT (-88.2274567 40.1049004)
,,POINT (-88.2274554 40.1045403)
,,POINT (-88.22692290000001 40.1045444)
,,POINT (-88.2274554 40.1049835)
,,POINT (-88.2274567 40.1049629)
,,POINT (-88.22692290000001 40.1049855)
,,POINT (-88.22692290000001 40.1049619)
,,POINT (-88.2274554 40.1044419)
,,POINT (-88.227458 40.1044685)
,,POINT (-88.226927 40.1044521)
,,POINT (-88.226927 40.1044767)
Gregory & Dorner,bus_stop,POINT (-88.221709 40.10406)
,,POINT (-88.2240145 40.104277)
,,POINT (-88.2211798 40.1043063)
,,POINT (-88.2204734 40.1047094)
Transit Plaza,bus_stop,POINT (-88.22880670000001 40.1081529)
Transit Plaza,bus_stop,POINT (-88.2288174 40.1085539)
Transit Plaza,bus_stop,POINT (-88.2290024 40.1084662)
Transit Plaza,bus_stop,POINT (-88.228993 40.1081811)
Gregory at Ikenberry Commons,bus_stop,POINT (-88.2347841 40.104167)
Wright & Healey,bus_stop,POINT (-88.2288069 40.1113341)
School of Social Work,,POINT (-88.22115410000001 40.1061144)
Children and Family Research Center,,POINT (-88.22115410000001 40.1061144)
,,POINT (-88.219357 40.1052739)
LAR,bus_stop,POINT (-88.2193436 40.1041066)
LAR,bus_stop,POINT (-88.2190964 40.1041586)
ASCEND CHC,,POINT (-88.22132310000001 40.1068054)
No. 7 Salon & Spa,,POINT (-88.2213204 40.1067192)
Bab Plus,,POINT (-88.2213204 40.1066495)
Fira,,POINT (-88.2213204 40.1064094)
Nevada & Gregory Place,bus_stop,POINT (-88.22172279999999 40.1059018)
,,POINT (-88.2276263 40.1062905)
,,POINT (-88.22764239999999 40.1086004)
Plant Sciences Lab,bus_stop,POINT (-88.22172879999999 40.1024988)
Plant Sciences Lab,bus_stop,POINT (-88.2219087 40.102304)
,,POINT (-88.2224456 40.1041262)
,,POINT (-88.22140760000001 40.103377)
,,POINT (-88.2216852 40.1034201)
,,POINT (-88.2215649 40.1043466)
,,POINT (-88.2275757 40.1090399)
,,POINT (-88.2275166 40.1097066)
,,POINT (-88.225808 40.1066192)
,,POINT (-88.2240486 40.1058622)
,,POINT (-88.2236623 40.1056427)
,,POINT (-88.2239064 40.1053316)
,,POINT (-88.2231312 40.1039338)
,,POINT (-88.2228283 40.1040592)
,,POINT (-88.2217136 40.1014286)
,,POINT (-88.2240286 40.1069317)
,,POINT (-88.22409829999999 40.1069276)
,,POINT (-88.22561640000001 40.1070209)
,,POINT (-88.22538040000001 40.1078917)
,,POINT (-88.2256218 40.1080897)
,,POINT (-88.2257331 40.1112509)
,,POINT (-88.22573850000001 40.111536)
,,POINT (-88.2262333 40.1122622)
,,POINT (-88.22711580000001 40.1124376)
Lincoln & Oregon,bus_stop,POINT (-88.2191548 40.1073063)
Lincoln & Illinois,bus_stop,POINT (-88.21979690000001 40.1091551)
Goodwin & Nevada,bus_stop,POINT (-88.22393769999999 40.1060167)
Goodwin at Materials Research Lab,bus_stop,POINT (-88.2237791 40.1116907)
,,POINT (-88.2265534 40.1087212)
,,POINT (-88.2267734 40.1078804)
,,POINT (-88.2201768 40.1035477)
,,POINT (-88.2199555 40.1033569)
,,POINT (-88.21925950000001 40.1024614)
,,POINT (-88.22114500000001 40.1042097)
,,POINT (-88.2225961 40.1034916)
,,POINT (-88.2249994 40.1053298)
,,POINT (-88.2278761 40.1089119)
,,POINT (-88.2274657 40.112545)
,,POINT (-88.2276548 40.1110848)
Foellinger Great Hall,,POINT (-88.2224566 40.1080406)
Tyron Festival Theater,,POINT (-88.22293449999999 40.1075851)
Colwell Playhouse,,POINT (-88.2232266 40.1083974)
Studio Theater,,POINT (-88.2228056 40.1086266)
,,POINT (-88.2383564 40.1035199)
Seven07,,POINT (-88.233343 40.1101007)
,,POINT (-88.2351932 40.1020836)
,crossing,POINT (-88.227746 40.1103276)
,,POINT (-88.2233397 40.1107324)
,,POINT (-88.2237296 40.1107946)
,,POINT (-88.2237399 40.1111173)
,,POINT (-88.2247807 40.1107201)
,,POINT (-88.2297798 40.1056283)
,,POINT (-88.23012 40.1063422)
,,POINT (-88.2285145 40.1055877)
,,POINT (-88.227695 40.1055918)
,,POINT (-88.22693580000001 40.1061231)
,,POINT (-88.2296559 40.1066587)
,,POINT (-88.22743319999999 40.1089895)
,,POINT (-88.2270327 40.1089941)
,,POINT (-88.2254602 40.1138216)
,,POINT (-88.225059 40.1139291)
,,POINT (-88.2233564 40.1111885)
,,POINT (-88.2300712 40.1061927)
,,POINT (-88.2262289 40.1077408)
,,POINT (-88.2261759 40.1077087)
,,POINT (-88.2263998 40.1077388)
,,POINT (-88.2279827 40.1069431)
,,POINT (-88.22633399999999 40.1081172)
,,POINT (-88.22589139999999 40.1081158)
,,POINT (-88.2243249 40.113732)
,,POINT (-88.2254593 40.1137829)
,,POINT (-88.2208809 40.1110874)
,,POINT (-88.2379585 40.103589)
,,POINT (-88.237942 40.1033663)
,,POINT (-88.23758669999999 40.1036198)
,,POINT (-88.2375249 40.1035122)
,,POINT (-88.23781580000001 40.103406)
Art of Science,,POINT (-88.2246918 40.1047727)
Walk of Life,,POINT (-88.2256186 40.1047401)
,,POINT (-88.2247969 40.1053153)
,,POINT (-88.2245214 40.1054273)
,,POINT (-88.2251148 40.1045475)
,crossing,POINT (-88.22875670000001 40.1103085)
,,POINT (-88.2378245 40.1035525)
,,POINT (-88.23785530000001 40.1035525)
Bevier Bust,,POINT (-88.22420889999999 40.1047591)
Molecular Biology Art of Science,,POINT (-88.2241291 40.1081675)
,,POINT (-88.2279958 40.1062879)
Caffe Bene,,POINT (-88.23093679999999 40.1104252)
,,POINT (-88.2248608 40.1139157)
,,POINT (-88.22515129999999 40.1134277)
,crossing,POINT (-88.22384529999999 40.1127768)
,crossing,POINT (-88.2238912 40.1131466)
,crossing,POINT (-88.2289632 40.1162653)
,crossing,POINT (-88.2287523 40.1163767)
,crossing,POINT (-88.23210400000001 40.1162564)
,crossing,POINT (-88.23542019999999 40.1162392)
,crossing,POINT (-88.22404210000001 40.1162523)
,crossing,POINT (-88.22558170000001 40.1105531)
,crossing,POINT (-88.22661600000001 40.1104656)
,crossing,POINT (-88.22643720000001 40.1104136)
,crossing,POINT (-88.22558050000001 40.110424)
,crossing,POINT (-88.2272371 40.1101284)
,crossing,POINT (-88.22569129999999 40.1122223)
,crossing,POINT (-88.2255976 40.1113996)
,crossing,POINT (-88.2255267 40.1104784)
,crossing,POINT (-88.22549979999999 40.1095037)
,crossing,POINT (-88.2255011 40.1095503)
,crossing,POINT (-88.21828050000001 40.1091587)
,crossing,POINT (-88.2186404 40.1091546)
,crossing,POINT (-88.21890089999999 40.1091516)
,crossing,POINT (-88.21801670000001 40.1091618)
Illinois Street Residence Hall,,POINT (-88.2213704 40.1098465)
,crossing,POINT (-88.2183777 40.1091576)
Neutral Cycle,,POINT (-88.2319298 40.1106571)
,crossing,POINT (-88.2353133 40.1139364)
,crossing,POINT (-88.2336265 40.11394)
,crossing,POINT (-88.2334171 40.1139468)
,crossing,POINT (-88.2322075 40.1139443)
,crossing,POINT (-88.2319955 40.1139455)
,crossing,POINT (-88.2305635 40.1139636)
,crossing,POINT (-88.2290801 40.1139689)
,crossing,POINT (-88.23033390000001 40.1139588)
,crossing,POINT (-88.2336246 40.1138101)
,traffic_signals,POINT (-88.2075202 40.1162658)
,crossing,POINT (-88.21782589999999 40.1094879)
,crossing,POINT (-88.2177143 40.109166)
,crossing,POINT (-88.2177121 40.1090138)
,crossing,POINT (-88.21770429999999 40.1083288)
,crossing,POINT (-88.2177026 40.1081891)
,crossing,POINT (-88.2176941 40.1075222)
,crossing,POINT (-88.21769159999999 40.107367)
,crossing,POINT (-88.2175763 40.1074402)
,crossing,POINT (-88.21778949999999 40.1074369)
,crossing,POINT (-88.2074332 40.1075989)
,crossing,POINT (-88.20873899999999 40.1075795)
,crossing,POINT (-88.2089005 40.1075796)
,crossing,POINT (-88.2159207 40.1074557)
,crossing,POINT (-88.2161152 40.1074561)
,crossing,POINT (-88.21759969999999 40.1082568)
,crossing,POINT (-88.2178083 40.1082535)
,crossing,POINT (-88.2102301 40.1083654)
,crossing,POINT (-88.2103652 40.1083624)
,crossing,POINT (-88.2130885 40.1083206)
,crossing,POINT (-88.2132143 40.1083188)
,crossing,POINT (-88.2159168 40.1082788)
,crossing,POINT (-88.2161187 40.1082769)
,crossing,POINT (-88.21762200000001 40.109091)
,crossing,POINT (-88.21782210000001 40.1090882)
,crossing,POINT (-88.2102453 40.1091855)
,crossing,POINT (-88.2103697 40.1091846)
,crossing,POINT (-88.2159236 40.109114)
,crossing,POINT (-88.2161213 40.1091119)
,crossing,POINT (-88.2176583 40.1056016)
,crossing,POINT (-88.2176764 40.1065824)
,crossing,POINT (-88.2176667 40.1063781)
,crossing,POINT (-88.21766169999999 40.1054588)
,crossing,POINT (-88.21765360000001 40.1046868)
,crossing,POINT (-88.2176506 40.1045393)
,crossing,POINT (-88.2176355 40.103781)
,crossing,POINT (-88.21763249999999 40.1036349)
,crossing,POINT (-88.2177562 40.1046103)
,crossing,POINT (-88.21754679999999 40.1046151)
,crossing,POINT (-88.2266417 40.1135852)
,crossing,POINT (-88.2261168 40.1135927)
,crossing,POINT (-88.223964 40.1126858)
,crossing,POINT (-88.2241152 40.112774)
,crossing,POINT (-88.2239675 40.1128651)
Jurassic Burgers,,POINT (-88.2253236 40.1127155)
,crossing,POINT (-88.2240303 40.1155025)
,crossing,POINT (-88.22402750000001 40.1153418)
,crossing,POINT (-88.2173974 40.1091698)
,,POINT (-88.225453 40.1095506)
,crossing,POINT (-88.2256125 40.1076077)
,crossing,POINT (-88.22559939999999 40.1069558)
Fourth & Armory,bus_stop,POINT (-88.23336329999999 40.1053121)
Fourth & Armory,bus_stop,POINT (-88.2335569 40.1055485)
Sixth & Armory,bus_stop,POINT (-88.2303615 40.1055564)
Sixth & Armory,bus_stop,POINT (-88.2302028 40.1052833)
Sixth & Gregory,bus_stop,POINT (-88.2303608 40.1042716)
Sixth & Gregory,bus_stop,POINT (-88.2301902 40.1040009)
Wright & Chalmers,bus_stop,POINT (-88.2289195 40.1069521)
Wright & Healey,bus_stop,POINT (-88.2290181 40.111582)
Green & Gregory St.,bus_stop,POINT (-88.2207026 40.1104626)
Illini Union,bus_stop,POINT (-88.2274336 40.1104151)
,crossing,POINT (-88.230434 40.1153104)
,crossing,POINT (-88.2304343 40.1154716)
,crossing,POINT (-88.23043199999999 40.116263)
,crossing,POINT (-88.23043319999999 40.1145233)
,crossing,POINT (-88.23043269999999 40.1143556)
,crossing,POINT (-88.2304326 40.1135704)
,crossing,POINT (-88.2304328 40.1134074)
,crossing,POINT (-88.2305614 40.113485)
,crossing,POINT (-88.230332 40.1134857)
,crossing,POINT (-88.2355194 40.1134603)
,crossing,POINT (-88.23531319999999 40.1134605)
,crossing,POINT (-88.23220209999999 40.1134764)
,crossing,POINT (-88.2319943 40.1134778)
,crossing,POINT (-88.23540819999999 40.1135441)
,crossing,POINT (-88.2354072 40.1133796)
,crossing,POINT (-88.233521 40.1145069)
,crossing,POINT (-88.2335203 40.1143415)
,crossing,POINT (-88.2320872 40.1133925)
,crossing,POINT (-88.2320873 40.1135525)
,crossing,POINT (-88.2354232 40.1154524)
,crossing,POINT (-88.235422 40.1152883)
,crossing,POINT (-88.2320994 40.115467)
,crossing,POINT (-88.2320967 40.1153028)
,crossing,POINT (-88.2354137 40.1144986)
,crossing,POINT (-88.23541229999999 40.1143296)
,crossing,POINT (-88.2335253 40.1154579)
,crossing,POINT (-88.2335243 40.115295)
,,POINT (-88.2257595 40.1119105)
Goodwin at Ceramics Building,bus_stop,POINT (-88.2240915 40.1116764)
,crossing,POINT (-88.2252051 40.1153327)
,crossing,POINT (-88.2244975 40.1153348)
Green & Goodwin,bus_stop,POINT (-88.223159 40.1104223)
Green & Goodwin,bus_stop,POINT (-88.2240472 40.1100362)
Nevada & Lincoln,bus_stop,POINT (-88.2195469 40.1059189)
Nevada & Lincoln,bus_stop,POINT (-88.21958840000001 40.1060477)
Goodwin & Nevada,bus_stop,POINT (-88.2237587 40.1058593)
Nevada & Gregory Place,bus_stop,POINT (-88.2213594 40.1060369)
Lincoln & Pennsylvania,bus_stop,POINT (-88.21891650000001 40.1006926)
Lincoln & Pennsylvania,bus_stop,POINT (-88.218763 40.1005749)
Starbucks,,POINT (-88.22702700000001 40.10956)
Einstein Bros. Bagels,,POINT (-88.2274297 40.1092321)
University of Illinois Community Credit Union,,POINT (-88.2270056 40.1093625)
,,POINT (-88.2267806 40.109714)
,,POINT (-88.2271999 40.1092593)
Qdoba,,POINT (-88.2271606 40.1095604)
Blaze Pizza,,POINT (-88.2271051 40.1094605)
Garbanzo,,POINT (-88.2271085 40.1095128)
Wendy's,,POINT (-88.2270973 40.1094113)
Einstein Bros. Bagels,,POINT (-88.2272859 40.1095613)
BrewLab Coffee,,POINT (-88.2319273 40.1106269)
,crossing,POINT (-88.2191594 40.1027068)
,crossing,POINT (-88.20972930000001 40.1007033)
,crossing,POINT (-88.21911799999999 40.1007191)
,crossing,POINT (-88.2190114 40.100627)
,crossing,POINT (-88.21924439999999 40.1006252)
,crossing,POINT (-88.2191133 40.1005273)
,crossing,POINT (-88.20973410000001 40.1019523)
,crossing,POINT (-88.2095422 40.1019522)
,crossing,POINT (-88.2120899 40.1006843)
,crossing,POINT (-88.2118943 40.1006858)
Krannert Center,bus_stop,POINT (-88.2237129 40.1082473)
,crossing,POINT (-88.2176166 40.1028724)
,crossing,POINT (-88.2176135 40.1027235)
,crossing,POINT (-88.2175986 40.1019697)
,crossing,POINT (-88.21759590000001 40.1018221)
,crossing,POINT (-88.2175435 40.0990988)
,crossing,POINT (-88.2175393 40.0989519)
,crossing,POINT (-88.2145163 40.1037302)
,crossing,POINT (-88.21450129999999 40.102823)
,crossing,POINT (-88.2144873 40.1019161)
,crossing,POINT (-88.2142802 40.1019178)
,crossing,POINT (-88.2176967 40.1018893)
,crossing,POINT (-88.21748890000001 40.1018909)
,crossing,POINT (-88.21211599999999 40.1019352)
,crossing,POINT (-88.2119397 40.1019366)
,crossing,POINT (-88.21772249999999 40.1027959)
,crossing,POINT (-88.217522 40.1027979)
,crossing,POINT (-88.21753820000001 40.1037067)
,crossing,POINT (-88.2177427 40.1037047)
Sixth & Peabody,bus_stop,POINT (-88.2303648 40.1016645)
Sixth & Peabody,bus_stop,POINT (-88.2303732 40.1014191)
Sixth & Peabody,bus_stop,POINT (-88.2301379 40.1013196)
Fourth & Peabody,bus_stop,POINT (-88.2335336 40.1014021)
Fourth & Peabody,bus_stop,POINT (-88.2332846 40.101322)
Fourth & Peabody,bus_stop,POINT (-88.2330082 40.1015345)
Fourth & Peabody,bus_stop,POINT (-88.2332967 40.1018656)
Activities & Recreation,bus_stop,POINT (-88.23640109999999 40.1015167)
Intermezzo Cafe,,POINT (-88.2229689 40.1085116)
,crossing,POINT (-88.2283226 40.1353245)
Green & Second,bus_stop,POINT (-88.2372621 40.1101617)
Green & Second,bus_stop,POINT (-88.2368352 40.1102955)
Green & Fourth,bus_stop,POINT (-88.23372879999999 40.1101944)
Green & Fourth,bus_stop,POINT (-88.2334508 40.110143)
Green & Fourth,bus_stop,POINT (-88.2334134 40.1103225)
Green & Sixth,bus_stop,POINT (-88.2305434 40.1102262)
Green & Sixth,bus_stop,POINT (-88.2302789 40.1103505)
Green & Gregory St.,bus_stop,POINT (-88.2216531 40.1106239)
Green & Busey,bus_stop,POINT (-88.21787279999999 40.1105445)
,crossing,POINT (-88.2090281 40.1107146)
Burrito King,,POINT (-88.223854 40.1108019)
Dragon Fire Pizza,,POINT (-88.2255876 40.112397)
Goodwin & Gregory,bus_stop,POINT (-88.2239773 40.1041168)
Goodwin & Gregory,bus_stop,POINT (-88.223665 40.1042426)
Gregory & Dorner,bus_stop,POINT (-88.2221079 40.1041301)
Pennsylvania at PAR,bus_stop,POINT (-88.22082039999999 40.1005487)
Pennsylvania at PAR,bus_stop,POINT (-88.22038860000001 40.100689)
Gregory at Mumford Hall,bus_stop,POINT (-88.2257922 40.1041179)
Pennsylvania & Goodwin,bus_stop,POINT (-88.22411219999999 40.1006671)
Pennsylvania & Ag. Engineering,bus_stop,POINT (-88.2263519 40.1006674)
Pennsylvania & Sixth,bus_stop,POINT (-88.2300695 40.1006488)
Pennsylvania & Sixth,bus_stop,POINT (-88.23031450000001 40.1006957)
Pennsylvania & Fourth,bus_stop,POINT (-88.23318639999999 40.1006014)
,crossing,POINT (-88.20756110000001 40.1124429)
,crossing,POINT (-88.2256264 40.1083032)
,crossing,POINT (-88.22563239999999 40.108601)
Springfield & Harvey,bus_stop,POINT (-88.2224956 40.1127074)
Springfield & Harvey,bus_stop,POINT (-88.2221378 40.1128368)
Springfield & Gregory St.,bus_stop,POINT (-88.2205017 40.1128505)
Pennsylvania & Sixth,bus_stop,POINT (-88.23032190000001 40.1004924)
Pennsylvania & Maryland Dr.,bus_stop,POINT (-88.22278590000001 40.1005235)
Pennsylvania & Dorner,bus_stop,POINT (-88.2219077 40.1007459)
Koto Ramen,,POINT (-88.23164800000001 40.1103913)
La Paloma,,POINT (-88.225588 40.1124931)
,crossing,POINT (-88.2178325 40.1099471)
Lincoln & Oregon,bus_stop,POINT (-88.2193539 40.1071424)
Lincoln & Illinois,bus_stop,POINT (-88.2194215 40.1091865)
Lincoln & Illinois,bus_stop,POINT (-88.2197553 40.1089946)
Third and Daniel,bus_stop,POINT (-88.2357885 40.1079908)
Fourth and Chalmers,bus_stop,POINT (-88.2332308 40.1068748)
Fifth & Armory,bus_stop,POINT (-88.2324618 40.1053568)
,crossing,POINT (-88.2321154 40.1079556)
,crossing,POINT (-88.23190219999999 40.1079572)
,crossing,POINT (-88.2305121 40.1108797)
,,POINT (-88.2264673 40.1097159)
,crossing,POINT (-88.22722950000001 40.109913)
,crossing,POINT (-88.232095 40.1145144)
,crossing,POINT (-88.2320938 40.1143504)
,crossing,POINT (-88.2320112 40.1080433)
,crossing,POINT (-88.2320064 40.1078848)
,crossing,POINT (-88.2371642 40.1110654)
,crossing,POINT (-88.2191753 40.110129)
,crossing,POINT (-88.21890639999999 40.110516)
,crossing,POINT (-88.2189125 40.110679)
,crossing,POINT (-88.2191859 40.1109283)
,crossing,POINT (-88.2182897 40.1036308)
Jitters Cafe,,POINT (-88.2308893 40.1009977)
,crossing,POINT (-88.22297829999999 40.1060483)
,crossing,POINT (-88.2790097 40.082348)
